AvgMAE,AvgRMSE,OriginalAvgMAE,OriginalAvgRMSE,GeneratedAt,Note,DeltaAvgMAE,DeltaAvgRMSE
19.991460480576162,29.950638238334893,20.06716666666667,30.125666666666664,2026-05-04,Final completed hyperparameter-tuning summary.,0.07570618609050683,0.17502842833177112
